﻿<?xml version="1.0" encoding="utf-8"?>
<!--Generated by SS CMS-->
<feed version="0.3" xmlns="http://purl.org/atom/ns#">
<title>siteserver channel</title>
<generator url="https://www.siteserver.cn/" version="1.0.0.0">Generated by SS CMS</generator>
<modified>2020-11-22T15:40:32+00:00</modified>
<dc:SiteServer_Id xmlns:dc="http://purl.org/dc/elements/1.1/"><![CDATA[214]]></dc:SiteServer_Id>
<dc:SiteServer_TableStyleID xmlns:dc="http://purl.org/dc/elements/1.1/"><![CDATA[214]]></dc:SiteServer_TableStyleID>
<dc:SiteServer_RelatedIdentity xmlns:dc="http://purl.org/dc/elements/1.1/"><![CDATA[367]]></dc:SiteServer_RelatedIdentity>
<dc:SiteServer_TableName xmlns:dc="http://purl.org/dc/elements/1.1/"><![CDATA[siteserver_Site]]></dc:SiteServer_TableName>
<dc:SiteServer_AttributeName xmlns:dc="http://purl.org/dc/elements/1.1/"><![CDATA[conadv]]></dc:SiteServer_AttributeName>
<dc:SiteServer_Taxis xmlns:dc="http://purl.org/dc/elements/1.1/"><![CDATA[4]]></dc:SiteServer_Taxis>
<dc:SiteServer_DisplayName xmlns:dc="http://purl.org/dc/elements/1.1/"><![CDATA[详情页广告位]]></dc:SiteServer_DisplayName>
<dc:SiteServer_List xmlns:dc="http://purl.org/dc/elements/1.1/"><![CDATA[False]]></dc:SiteServer_List>
<dc:SiteServer_InputType xmlns:dc="http://purl.org/dc/elements/1.1/"><![CDATA[Image]]></dc:SiteServer_InputType>
<dc:SiteServer_Horizontal xmlns:dc="http://purl.org/dc/elements/1.1/"><![CDATA[False]]></dc:SiteServer_Horizontal>
<dc:SiteServer_OrderString xmlns:dc="http://purl.org/dc/elements/1.1/"><![CDATA[1]]></dc:SiteServer_OrderString>
</feed>
