﻿<?xml version="1.0" encoding="utf-8"?>
<!--Generated by SS CMS-->
<feed version="0.3" xmlns="http://purl.org/atom/ns#">
<title>siteserver channel</title>
<author>
<name>siteserver</name>
<url>https://www.siteserver.cn/</url>
</author>
<generator url="https://www.siteserver.cn/" version="1.0.0.0">Generated by SS CMS</generator>
<modified>2020-11-23T12:28:47+00:00</modified>
<dc:SiteServer_Id xmlns:dc="http://purl.org/dc/elements/1.1/"><![CDATA[258]]></dc:SiteServer_Id>
<dc:SiteServer_NodeId xmlns:dc="http://purl.org/dc/elements/1.1/"><![CDATA[258]]></dc:SiteServer_NodeId>
<dc:SiteServer_ChannelName xmlns:dc="http://purl.org/dc/elements/1.1/"><![CDATA[联系我们]]></dc:SiteServer_ChannelName>
<dc:SiteServer_NodeName xmlns:dc="http://purl.org/dc/elements/1.1/"><![CDATA[联系我们]]></dc:SiteServer_NodeName>
<dc:SiteServer_SiteId xmlns:dc="http://purl.org/dc/elements/1.1/"><![CDATA[247]]></dc:SiteServer_SiteId>
<dc:SiteServer_PublishmentSystemId xmlns:dc="http://purl.org/dc/elements/1.1/"><![CDATA[247]]></dc:SiteServer_PublishmentSystemId>
<dc:SiteServer_ParentId xmlns:dc="http://purl.org/dc/elements/1.1/"><![CDATA[247]]></dc:SiteServer_ParentId>
<dc:SiteServer_ParentsPath xmlns:dc="http://purl.org/dc/elements/1.1/"><![CDATA[247]]></dc:SiteServer_ParentsPath>
<dc:SiteServer_ParentsCount xmlns:dc="http://purl.org/dc/elements/1.1/"><![CDATA[1]]></dc:SiteServer_ParentsCount>
<dc:SiteServer_ChildrenCount xmlns:dc="http://purl.org/dc/elements/1.1/"><![CDATA[0]]></dc:SiteServer_ChildrenCount>
<dc:SiteServer_IndexName xmlns:dc="http://purl.org/dc/elements/1.1/"><![CDATA[联系我们]]></dc:SiteServer_IndexName>
<dc:SiteServer_NodeIndexName xmlns:dc="http://purl.org/dc/elements/1.1/"><![CDATA[联系我们]]></dc:SiteServer_NodeIndexName>
<dc:SiteServer_GroupNames xmlns:dc="http://purl.org/dc/elements/1.1/"><![CDATA[nav]]></dc:SiteServer_GroupNames>
<dc:SiteServer_NodeGroupNameCollection xmlns:dc="http://purl.org/dc/elements/1.1/"><![CDATA[nav]]></dc:SiteServer_NodeGroupNameCollection>
<dc:SiteServer_Taxis xmlns:dc="http://purl.org/dc/elements/1.1/"><![CDATA[5]]></dc:SiteServer_Taxis>
<dc:SiteServer_AddDate xmlns:dc="http://purl.org/dc/elements/1.1/"><![CDATA[2020年11月21日]]></dc:SiteServer_AddDate>
<dc:SiteServer_LinkType xmlns:dc="http://purl.org/dc/elements/1.1/"><![CDATA[LinkToFirstContent]]></dc:SiteServer_LinkType>
<dc:SiteServer_ChannelTemplateId xmlns:dc="http://purl.org/dc/elements/1.1/"><![CDATA[90]]></dc:SiteServer_ChannelTemplateId>
<dc:SiteServer_ContentTemplateId xmlns:dc="http://purl.org/dc/elements/1.1/"><![CDATA[95]]></dc:SiteServer_ContentTemplateId>
<dc:SiteServer_ChannelTemplateName xmlns:dc="http://purl.org/dc/elements/1.1/"><![CDATA[系统栏目模板]]></dc:SiteServer_ChannelTemplateName>
<dc:SiteServer_ContentTemplateName xmlns:dc="http://purl.org/dc/elements/1.1/"><![CDATA[联系我们]]></dc:SiteServer_ContentTemplateName>
<entry>
<title>title</title>
<id>https://www.siteserver.cn/</id>
<modified>2020-11-23T12:28:47+00:00</modified>
<issued>2020-11-23T12:28:47+00:00</issued>
<created>2020-11-23T12:28:47+00:00</created>
<dc:SiteServer_Id xmlns:dc="http://purl.org/dc/elements/1.1/"><![CDATA[56]]></dc:SiteServer_Id>
<dc:SiteServer_ChannelId xmlns:dc="http://purl.org/dc/elements/1.1/"><![CDATA[258]]></dc:SiteServer_ChannelId>
<dc:SiteServer_NodeId xmlns:dc="http://purl.org/dc/elements/1.1/"><![CDATA[258]]></dc:SiteServer_NodeId>
<dc:SiteServer_SiteId xmlns:dc="http://purl.org/dc/elements/1.1/"><![CDATA[247]]></dc:SiteServer_SiteId>
<dc:SiteServer_PublishmentSystemId xmlns:dc="http://purl.org/dc/elements/1.1/"><![CDATA[247]]></dc:SiteServer_PublishmentSystemId>
<dc:SiteServer_Taxis xmlns:dc="http://purl.org/dc/elements/1.1/"><![CDATA[1]]></dc:SiteServer_Taxis>
<dc:SiteServer_SourceId xmlns:dc="http://purl.org/dc/elements/1.1/"><![CDATA[0]]></dc:SiteServer_SourceId>
<dc:SiteServer_ReferenceId xmlns:dc="http://purl.org/dc/elements/1.1/"><![CDATA[0]]></dc:SiteServer_ReferenceId>
<dc:SiteServer_Checked xmlns:dc="http://purl.org/dc/elements/1.1/"><![CDATA[True]]></dc:SiteServer_Checked>
<dc:SiteServer_IsChecked xmlns:dc="http://purl.org/dc/elements/1.1/"><![CDATA[True]]></dc:SiteServer_IsChecked>
<dc:SiteServer_CheckedLevel xmlns:dc="http://purl.org/dc/elements/1.1/"><![CDATA[0]]></dc:SiteServer_CheckedLevel>
<dc:SiteServer_Hits xmlns:dc="http://purl.org/dc/elements/1.1/"><![CDATA[0]]></dc:SiteServer_Hits>
<dc:SiteServer_HitsByDay xmlns:dc="http://purl.org/dc/elements/1.1/"><![CDATA[0]]></dc:SiteServer_HitsByDay>
<dc:SiteServer_HitsByWeek xmlns:dc="http://purl.org/dc/elements/1.1/"><![CDATA[0]]></dc:SiteServer_HitsByWeek>
<dc:SiteServer_HitsByMonth xmlns:dc="http://purl.org/dc/elements/1.1/"><![CDATA[0]]></dc:SiteServer_HitsByMonth>
<dc:SiteServer_LastHitsDate xmlns:dc="http://purl.org/dc/elements/1.1/"><![CDATA[10/27/2017 12:25:00]]></dc:SiteServer_LastHitsDate>
<dc:SiteServer_Downloads xmlns:dc="http://purl.org/dc/elements/1.1/"><![CDATA[0]]></dc:SiteServer_Downloads>
<dc:SiteServer_Top xmlns:dc="http://purl.org/dc/elements/1.1/"><![CDATA[False]]></dc:SiteServer_Top>
<dc:SiteServer_IsTop xmlns:dc="http://purl.org/dc/elements/1.1/"><![CDATA[False]]></dc:SiteServer_IsTop>
<dc:SiteServer_Recommend xmlns:dc="http://purl.org/dc/elements/1.1/"><![CDATA[False]]></dc:SiteServer_Recommend>
<dc:SiteServer_Hot xmlns:dc="http://purl.org/dc/elements/1.1/"><![CDATA[False]]></dc:SiteServer_Hot>
<dc:SiteServer_Color xmlns:dc="http://purl.org/dc/elements/1.1/"><![CDATA[False]]></dc:SiteServer_Color>
<dc:SiteServer_AddDate xmlns:dc="http://purl.org/dc/elements/1.1/"><![CDATA[10/27/2017 12:22:00]]></dc:SiteServer_AddDate>
<dc:SiteServer_isrecommend xmlns:dc="http://purl.org/dc/elements/1.1/"><![CDATA[yAriKCEGpnc=]]></dc:SiteServer_isrecommend>
<dc:SiteServer_ishot xmlns:dc="http://purl.org/dc/elements/1.1/"><![CDATA[yAriKCEGpnc=]]></dc:SiteServer_ishot>
<dc:SiteServer_iscolor xmlns:dc="http://purl.org/dc/elements/1.1/"><![CDATA[yAriKCEGpnc=]]></dc:SiteServer_iscolor>
<dc:SiteServer_titleformatstring xmlns:dc="http://purl.org/dc/elements/1.1/"><![CDATA[gS5v14GEtRgpRV+jhkACTC3JFjAckCMO]]></dc:SiteServer_titleformatstring>
<dc:SiteServer_check_isadmin xmlns:dc="http://purl.org/dc/elements/1.1/"><![CDATA[Xz/xeYVjObg=]]></dc:SiteServer_check_isadmin>
<dc:SiteServer_check_username xmlns:dc="http://purl.org/dc/elements/1.1/"><![CDATA[GmJfFAwpVOY=]]></dc:SiteServer_check_username>
<dc:SiteServer_check_checkdate xmlns:dc="http://purl.org/dc/elements/1.1/"><![CDATA[p5ZBa4MPjkL2VCmwQZtedy2Q4NCq1+q1]]></dc:SiteServer_check_checkdate>
<dc:SiteServer_Title xmlns:dc="http://purl.org/dc/elements/1.1/"><![CDATA[X9Z1lSNGe3+yeqJnr6LxEg==]]></dc:SiteServer_Title>
<dc:SiteServer_ImageUrl xmlns:dc="http://purl.org/dc/elements/1.1/"><![CDATA[CXKfSGKalCAAWjJnwLG/ctn2KGUMtsnZpRmJ+TBRyTeyMzQCxIb+Qw==]]></dc:SiteServer_ImageUrl>
</entry>
</feed>
